,time,open,high,low,close,volume
0,2019-09-19 05:30:00,9881.43,9881.43,9828.59,9849.75,0.056889
1,2019-09-19 17:30:00,9848.41,10305.58,9848.41,10254.92,0.994159
2,2019-09-20 05:30:00,10214.31,10233.53,10118.0,10153.47,4.909783
3,2019-09-20 17:30:00,10184.95,10207.96,10078.91,10171.06,2.006401
4,2019-09-21 05:30:00,10169.44,10169.44,9957.16,10045.77,1.477943
5,2019-09-21 17:30:00,10039.63,10049.95,9940.27,9998.87,1.575088
6,2019-09-22 05:30:00,9928.07,10024.5,9874.3,10005.94,1.403102
7,2019-09-22 17:30:00,10007.49,10050.12,9950.5,10010.53,0.394551
8,2019-09-23 05:30:00,10037.7,10037.7,9864.75,9927.74,4.659897
9,2019-09-23 17:30:00,9900.63,9922.29,9612.75,9706.93,23.485881
10,2019-09-24 05:30:00,9675.42,9783.1,9597.0,9695.06,13.876485
11,2019-09-24 17:30:00,9719.61,9719.61,1800.0,8499.75,51.14404
12,2019-09-25 05:30:00,8558.92,8728.04,8238.19,8345.43,10.693805
13,2019-09-25 17:30:00,8252.1,8623.82,8225.58,8436.75,19.365721
14,2019-09-26 05:30:00,8415.14,8461.31,8341.19,8423.92,5.598237
15,2019-09-26 17:30:00,8395.56,8426.54,7200.0,8067.78,71.539617
16,2019-09-27 05:30:00,8067.78,8125.53,7940.06,7949.54,10.570401
17,2019-09-27 17:30:00,7963.79,8257.25,7853.53,8187.15,10.180544
18,2019-09-28 05:30:00,8187.15,8250.0,8134.08,8142.5,10.785784
19,2019-09-28 17:30:00,8121.36,8319.86,8016.75,8206.39,13.313982
20,2019-09-29 05:30:00,8159.65,8167.83,8059.14,8090.25,3.700656
21,2019-09-29 17:30:00,8073.51,8123.66,7911.75,8064.0,12.018874
22,2019-09-30 05:30:00,8045.91,8088.28,7719.48,8036.06,13.191755
23,2019-09-30 17:30:00,8035.0,8346.43,7992.46,8263.5,31.460994
24,2019-10-01 05:30:00,8297.79,8502.66,8182.04,8368.64,29.88043
25,2019-10-01 17:30:00,8362.53,8503.08,8224.88,8308.0,43.240343
26,2019-10-02 05:30:00,8296.82,8332.69,8169.0,8267.15,16.218091
27,2019-10-02 17:30:00,8299.62,8378.05,8203.31,8368.29,14.58527
28,2019-10-03 05:30:00,8371.98,8400.0,8211.29,8229.87,10.390237
29,2019-10-03 17:30:00,8234.73,8280.45,8085.71,8237.25,8.16837
30,2019-10-04 05:30:00,8232.01,8237.22,8013.23,8171.6,6.222855
31,2019-10-04 17:30:00,8121.97,8217.83,8119.65,8176.66,3.845181
32,2019-10-05 05:30:00,8144.23,8145.36,8076.3,8100.89,3.892763
33,2019-10-05 17:30:00,8074.78,8190.52,8028.39,8118.26,7.055893
34,2019-10-06 05:30:00,8130.94,8158.52,7875.01,7955.46,15.684413
35,2019-10-06 17:30:00,7940.17,8044.46,7793.53,7848.27,7.142461
36,2019-10-07 05:30:00,7829.06,8060.23,7793.52,8008.0,10.238477
37,2019-10-07 17:30:00,8001.0,8290.04,8001.0,8237.68,31.17091
38,2019-10-08 05:30:00,8217.83,8325.58,8142.75,8200.11,16.311448
39,2019-10-08 17:30:00,8172.2,8242.65,8114.65,8185.61,5.788085
40,2019-10-09 05:30:00,8196.59,8216.69,8129.69,8196.33,7.665548
41,2019-10-09 17:30:00,8182.84,8662.59,8158.5,8581.34,50.15914
42,2019-10-10 05:30:00,8587.06,8646.75,8497.59,8543.64,5.96739
43,2019-10-10 17:30:00,8533.77,8650.91,8458.53,8576.0,26.491697
44,2019-10-11 05:30:00,8564.94,8798.63,8290.0,8320.26,41.048482
45,2019-10-11 17:30:00,8300.0,8371.55,8234.82,8261.18,20.772007
46,2019-10-12 05:30:00,8267.51,8364.33,8261.76,8324.34,13.243671
47,2019-10-12 17:30:00,8325.57,8410.74,8303.37,8304.69,26.360566
48,2019-10-13 05:30:00,8302.89,8388.69,8291.16,8363.87,18.610544
49,2019-10-13 17:30:00,8361.96,8455.22,8159.96,8281.1,86.709393
50,2019-10-14 05:30:00,8275.21,8334.16,8251.73,8290.0,29.068366
51,2019-10-14 17:30:00,8289.49,8388.71,8214.42,8352.73,99.806392
52,2019-10-15 05:30:00,8352.74,8409.44,8261.91,8292.95,47.007697
53,2019-10-15 17:30:00,8292.96,8371.0,8100.0,8163.65,79.537507
54,2019-10-16 05:30:00,8163.65,8178.48,8014.65,8050.47,45.457195
55,2019-10-16 17:30:00,8050.47,8050.47,7911.2,7999.98,120.436785
56,2019-10-17 05:30:00,7999.49,8107.63,7939.55,8070.0,29.988847
57,2019-10-17 17:30:00,8069.42,8114.27,8020.01,8074.53,34.424409
58,2019-10-18 05:30:00,8075.8,8119.87,7825.01,7918.12,92.0481
59,2019-10-18 17:30:00,7924.84,7980.6,7894.3,7952.4,100.703037
60,2019-10-19 05:30:00,7953.87,7998.0,7898.44,7946.49,108.789131
61,2019-10-19 17:30:00,7948.6,8100.0,7880.0,7950.66,199.913923
62,2019-10-20 05:30:00,7951.76,7988.7,7876.3,7946.54,94.74011
63,2019-10-20 17:30:00,7947.0,8316.2,7943.35,8232.05,241.007224
64,2019-10-21 05:30:00,8232.22,8291.56,8199.18,8237.6,97.47786
65,2019-10-21 17:30:00,8240.68,8330.0,8153.0,8212.88,114.216164
66,2019-10-22 05:30:00,8212.88,8285.0,8175.0,8278.94,81.844305
67,2019-10-22 17:30:00,8278.94,8300.0,8005.0,8027.83,120.939717
68,2019-10-23 05:30:00,8026.0,8050.86,7926.97,7964.86,80.140281
69,2019-10-23 17:30:00,7961.7,7961.84,7299.66,7470.38,283.359347
70,2019-10-24 05:30:00,7469.85,7497.92,7344.18,7429.31,133.180187
71,2019-10-24 17:30:00,7429.45,7510.48,7421.85,7424.77,77.173919
72,2019-10-25 05:30:00,7422.75,7647.45,7392.81,7583.44,141.957143
73,2019-10-25 17:30:00,7585.0,8770.0,7585.0,8666.87,645.296548
74,2019-10-26 05:30:00,8666.92,10350.0,8655.0,9229.35,1028.00567
75,2019-10-26 17:30:00,9223.66,9510.1,8916.13,9250.53,567.113346
76,2019-10-27 05:30:00,9248.83,9655.0,9095.83,9294.06,349.369205
77,2019-10-27 17:30:00,9293.71,9800.0,9233.34,9550.78,582.78682
78,2019-10-28 05:30:00,9550.78,9928.09,9300.01,9420.0,362.63081
79,2019-10-28 17:30:00,9420.0,9500.0,9195.0,9224.16,233.027319
80,2019-10-29 05:30:00,9219.37,9545.8,9215.0,9439.29,219.694357
81,2019-10-29 17:30:00,9428.06,9490.0,9100.01,9420.66,371.822296
82,2019-10-30 05:30:00,9420.66,9426.31,9026.6,9104.14,241.45213
83,2019-10-30 17:30:00,9099.0,9224.64,9000.0,9155.44,244.922448
84,2019-10-31 05:30:00,9168.41,9214.67,8950.0,9112.94,220.751225
85,2019-10-31 17:30:00,9118.3,9415.66,9036.01,9147.08,328.453842
86,2019-11-01 05:30:00,9146.96,9289.99,9050.29,9175.58,189.614692
87,2019-11-01 17:30:00,9175.6,9278.04,9076.8,9231.53,289.597654
88,2019-11-02 05:30:00,9239.96,9276.16,9200.0,9250.0,135.466782
89,2019-11-02 17:30:00,9251.84,9382.39,9220.0,9301.75,205.993185
90,2019-11-03 05:30:00,9300.49,9371.31,9121.8,9167.65,167.569006
91,2019-11-03 17:30:00,9164.55,9235.29,9073.07,9199.53,139.89658
92,2019-11-04 05:30:00,9205.31,9271.72,9125.68,9264.24,161.996178
93,2019-11-04 17:30:00,9265.39,9524.41,9230.01,9407.32,668.953386
94,2019-11-05 05:30:00,9408.14,9466.52,9180.0,9287.82,448.281145
95,2019-11-05 17:30:00,9286.04,9424.16,9230.0,9315.62,406.063376
96,2019-11-06 05:30:00,9315.74,9437.63,9272.07,9369.46,285.044416
97,2019-11-06 17:30:00,9371.79,9387.72,9254.0,9337.55,235.995879
98,2019-11-07 05:30:00,9337.55,9365.38,9139.93,9188.11,252.949477
99,2019-11-07 17:30:00,9182.05,9240.0,9090.0,9207.51,153.828426
100,2019-11-08 05:30:00,9202.2,9240.0,8935.0,9006.62,299.764233
101,2019-11-08 17:30:00,9002.51,9007.79,8661.63,8768.56,294.804511
102,2019-11-09 05:30:00,8766.68,8867.26,8728.99,8807.53,127.568057
103,2019-11-09 17:30:00,8806.47,8862.61,8718.28,8810.62,112.659714
104,2019-11-10 05:30:00,8805.0,8880.45,8750.0,8830.01,77.764085
105,2019-11-10 17:30:00,8833.41,9125.0,8787.43,9040.02,189.472734
106,2019-11-11 05:30:00,9040.46,9067.98,8611.99,8712.49,281.740204
107,2019-11-11 17:30:00,8711.79,8778.25,8680.04,8717.26,75.81406
108,2019-11-12 05:30:00,8714.98,8774.0,8696.8,8727.65,119.619231
109,2019-11-12 17:30:00,8728.0,8850.51,8560.8,8795.45,304.65488
110,2019-11-13 05:30:00,8795.46,8813.99,8700.0,8747.48,153.804789
111,2019-11-13 17:30:00,8749.87,8780.76,8710.0,8761.74,121.262192
112,2019-11-14 05:30:00,8765.27,8780.8,8563.51,8602.0,159.449213
113,2019-11-14 17:30:00,8602.58,8665.0,8581.4,8629.52,90.151808
114,2019-11-15 05:30:00,8629.47,8755.0,8501.76,8609.26,173.69395
115,2019-11-15 17:30:00,8602.96,8666.84,8376.71,8458.59,151.542228
116,2019-11-16 05:30:00,8457.26,8523.35,8423.77,8468.25,79.289678
117,2019-11-16 17:30:00,8469.73,8512.82,8448.0,8475.14,67.874771
118,2019-11-17 05:30:00,8480.67,8577.18,8367.16,8518.97,105.768844
119,2019-11-17 17:30:00,8518.54,8615.0,8483.45,8499.02,120.264567
120,2019-11-18 05:30:00,8499.82,8499.82,8403.0,8421.87,107.422903
121,2019-11-18 17:30:00,8422.96,8448.7,8041.31,8170.35,260.641817
122,2019-11-19 05:30:00,8169.34,8192.02,8000.0,8059.96,145.960745
123,2019-11-19 17:30:00,8059.08,8145.12,8003.47,8119.08,160.240429
124,2019-11-20 05:30:00,8119.08,8145.12,8023.0,8073.23,89.863244
125,2019-11-20 17:30:00,8073.24,8213.46,8051.74,8081.13,98.656908
126,2019-11-21 05:30:00,8079.14,8110.92,7837.39,7847.12,116.138338
127,2019-11-21 17:30:00,7848.73,7886.22,7400.0,7617.85,298.854099
128,2019-11-22 05:30:00,7616.87,7707.41,6975.43,7095.94,400.235182
129,2019-11-22 17:30:00,7098.44,7377.05,6789.75,7280.03,712.694276
130,2019-11-23 05:30:00,7278.88,7306.25,7094.5,7178.01,204.731488
131,2019-11-23 17:30:00,7177.38,7345.0,7149.12,7315.93,338.370078
132,2019-11-24 05:30:00,7326.39,7335.74,7102.31,7206.7,389.804479
133,2019-11-24 17:30:00,7208.56,7208.56,6868.99,6909.78,732.987892
134,2019-11-25 05:30:00,6904.65,6976.0,6517.89,6871.15,364.353527
135,2019-11-25 17:30:00,6880.69,7368.38,6869.54,7122.01,350.786926
136,2019-11-26 05:30:00,7116.77,7338.63,7021.57,7166.93,205.069018
137,2019-11-26 17:30:00,7170.88,7215.81,7021.43,7156.49,169.75895
138,2019-11-27 05:30:00,7155.3,7179.73,6852.0,7146.9,267.884749
139,2019-11-27 17:30:00,7147.49,7657.01,7120.32,7524.93,384.449354
140,2019-11-28 05:30:00,7518.98,7574.05,7414.5,7482.66,155.402913
141,2019-11-28 17:30:00,7483.69,7644.31,7349.99,7426.04,296.922398
142,2019-11-29 05:30:00,7424.23,7599.0,7404.49,7515.47,203.502001
143,2019-11-29 17:30:00,7522.7,7855.17,7423.13,7746.69,275.2413
144,2019-11-30 05:30:00,7742.98,7809.54,7632.37,7656.9,86.341282
145,2019-11-30 17:30:00,7659.72,7716.74,7456.61,7549.51,198.626577
146,2019-12-01 05:30:00,7543.39,7543.39,7230.0,7315.0,343.991462
147,2019-12-01 17:30:00,7318.96,7474.8,7280.09,7396.02,361.410841
148,2019-12-02 05:30:00,7400.73,7422.47,7165.62,7299.31,262.235394
149,2019-12-02 17:30:00,7298.8,7358.89,7238.96,7300.84,193.179349
150,2019-12-03 05:30:00,7300.77,7401.05,7242.58,7268.75,159.62672
151,2019-12-03 17:30:00,7269.89,7360.27,7269.89,7295.26,148.936451
152,2019-12-04 05:30:00,7294.76,7294.76,7082.1,7200.65,314.182084
153,2019-12-04 17:30:00,7200.68,7732.84,7101.43,7191.4,543.134327
154,2019-12-05 05:30:00,7193.47,7429.69,7157.01,7369.75,258.568199
155,2019-12-05 17:30:00,7370.42,7483.96,7270.53,7389.8,270.48571
156,2019-12-06 05:30:00,7391.97,7443.75,7306.0,7343.34,204.794411
157,2019-12-06 17:30:00,7343.91,7596.36,7343.72,7534.87,288.128358
158,2019-12-07 05:30:00,7533.48,7621.48,7482.14,7529.95,136.935094
159,2019-12-07 17:30:00,7531.36,7556.43,7482.85,7496.7,99.253403
160,2019-12-08 05:30:00,7496.05,7549.69,7387.46,7527.6,109.661194
161,2019-12-08 17:30:00,7529.52,7575.58,7503.82,7518.87,88.686429
162,2019-12-09 05:30:00,7520.4,7543.36,7447.02,7471.44,129.177493
163,2019-12-09 17:30:00,7473.84,7649.33,7276.49,7339.49,345.319759
164,2019-12-10 05:30:00,7339.47,7398.96,7285.0,7337.21,141.689717
165,2019-12-10 17:30:00,7337.54,7348.95,7162.0,7223.92,252.428121
166,2019-12-11 05:30:00,7223.52,7266.12,7181.86,7223.09,110.511031
167,2019-12-11 17:30:00,7223.36,7260.84,7126.22,7194.36,180.694453
168,2019-12-12 05:30:00,7195.48,7282.37,7073.38,7182.45,175.688187
169,2019-12-12 17:30:00,7184.79,7251.14,7131.49,7186.86,197.608777
170,2019-12-13 05:30:00,7188.37,7238.0,7180.0,7213.12,140.898328
171,2019-12-13 17:30:00,7212.48,7292.8,7200.91,7248.97,186.702042
172,2019-12-14 05:30:00,7249.51,7264.0,7148.85,7180.71,155.066504
173,2019-12-14 17:30:00,7180.71,7182.85,7006.46,7058.15,285.347262
174,2019-12-15 05:30:00,7057.62,7195.47,7003.93,7102.37,195.001105
175,2019-12-15 17:30:00,7103.52,7139.14,7054.53,7110.0,139.640692
176,2019-12-16 05:30:00,7112.72,7123.77,7031.41,7079.79,201.663452
177,2019-12-16 17:30:00,7081.89,7135.18,6822.58,6879.65,356.267975
178,2019-12-17 05:30:00,6879.67,6928.68,6846.43,6928.3,104.51968
179,2019-12-17 17:30:00,6926.69,6930.13,6551.07,6614.17,650.700349
180,2019-12-18 05:30:00,6616.65,6711.45,6586.18,6608.09,233.238684
181,2019-12-18 17:30:00,6607.14,7445.78,6430.2,7280.0,1019.184129
182,2019-12-19 05:30:00,7285.25,7370.0,7045.02,7142.53,236.971968
183,2019-12-19 17:30:00,7143.8,7225.66,7060.0,7148.01,243.145226
184,2019-12-20 05:30:00,7149.75,7170.0,7078.8,7143.0,152.945565
185,2019-12-20 17:30:00,7144.3,7213.47,7130.46,7187.52,228.966612
186,2019-12-21 05:30:00,7188.0,7189.64,7114.66,7147.43,97.393135
187,2019-12-21 17:30:00,7146.8,7176.22,7118.16,7134.5,102.684504
188,2019-12-22 05:30:00,7134.5,7199.74,7125.0,7160.07,82.99267
189,2019-12-22 17:30:00,7161.37,7520.0,7158.35,7504.47,427.713085
190,2019-12-23 05:30:00,7511.99,7638.88,7450.01,7554.72,243.738864
191,2019-12-23 17:30:00,7553.78,7688.82,7267.1,7316.11,476.794497
192,2019-12-24 05:30:00,7312.76,7394.38,7220.0,7363.67,240.158742
193,2019-12-24 17:30:00,7363.61,7419.98,7155.41,7250.12,291.572603
194,2019-12-25 05:30:00,7248.35,7256.79,7191.96,7204.69,105.894472
195,2019-12-25 17:30:00,7205.15,7254.4,7111.68,7192.07,202.232838
196,2019-12-26 05:30:00,7193.86,7226.52,7163.27,7172.93,96.293835
197,2019-12-26 17:30:00,7174.93,7415.21,7149.41,7192.39,292.105285
198,2019-12-27 05:30:00,7192.38,7224.19,7060.0,7110.92,86.512991
199,2019-12-27 17:30:00,7109.63,7247.93,7061.63,7240.0,154.311
200,2019-12-28 05:30:00,7239.99,7342.85,7234.65,7290.24,108.50449
201,2019-12-28 17:30:00,7288.58,7343.02,7264.62,7292.62,76.29842
202,2019-12-29 05:30:00,7292.62,7350.0,7272.74,7327.03,47.558295
203,2019-12-29 17:30:00,7327.02,7513.76,7308.95,7384.92,218.130476
204,2019-12-30 05:30:00,7384.02,7384.02,7273.21,7295.98,108.978976
205,2019-12-30 17:30:00,7294.99,7319.71,7200.0,7222.77,137.518407
206,2019-12-31 05:30:00,7223.75,7240.68,7180.3,7219.08,59.802535
207,2019-12-31 17:30:00,7219.81,7297.6,7121.44,7168.84,113.149521
208,2020-01-01 05:30:00,7169.12,7217.54,7151.58,7172.61,40.936995
209,2020-01-01 17:30:00,7174.09,7231.86,7155.14,7176.58,52.611677
210,2020-01-02 05:30:00,7177.13,7185.03,7076.52,7113.59,95.9147
211,2020-01-02 17:30:00,7114.6,7137.25,6900.0,6945.33,215.790953
212,2020-01-03 05:30:00,6944.41,7356.99,6853.79,7328.31,304.583278
213,2020-01-03 17:30:00,7328.88,7393.5,7224.9,7329.2,351.050298
214,2020-01-04 05:30:00,7330.91,7356.86,7276.81,7323.78,111.286606
215,2020-01-04 17:30:00,7323.8,7388.0,7263.55,7346.2,187.77415
216,2020-01-05 05:30:00,7346.2,7486.66,7346.2,7420.72,192.572518
217,2020-01-05 17:30:00,7420.66,7476.91,7315.0,7351.42,170.714
218,2020-01-06 05:30:00,7349.84,7574.13,7343.29,7536.25,193.814579
219,2020-01-06 17:30:00,7537.14,7794.98,7479.75,7755.1,362.748988
220,2020-01-07 05:30:00,7757.48,7997.6,7757.48,7893.56,311.945562
221,2020-01-07 17:30:00,7895.72,8204.71,7730.0,8154.74,707.961513
222,2020-01-08 05:30:00,8150.58,8459.66,8149.01,8330.01,527.628846
223,2020-01-08 17:30:00,8332.19,8413.7,7825.0,8047.67,722.135543
224,2020-01-09 05:30:00,8045.25,8045.25,7850.63,7867.92,258.541046
225,2020-01-09 17:30:00,7869.49,7996.83,7750.0,7812.32,391.615601
226,2020-01-10 05:30:00,7810.15,7843.86,7669.25,7823.5,266.766527
227,2020-01-10 17:30:00,7823.51,8195.36,7803.92,8195.36,714.459909
228,2020-01-11 05:30:00,8195.91,8247.22,8008.52,8033.74,263.008782
229,2020-01-11 17:30:00,8034.44,8283.57,8002.09,8015.89,328.675595
230,2020-01-12 05:30:00,8014.12,8156.38,7960.73,8103.97,193.546066
231,2020-01-12 17:30:00,8105.45,8180.08,8065.79,8180.08,269.424866
232,2020-01-13 05:30:00,8180.34,8188.69,8046.24,8065.0,149.778835
233,2020-01-13 17:30:00,8061.0,8152.07,8046.02,8101.69,152.44301
234,2020-01-14 05:30:00,8101.68,8569.17,8101.68,8519.0,487.380658
235,2020-01-14 17:30:00,8518.91,8880.0,8470.0,8809.38,924.663764
236,2020-01-15 05:30:00,8810.87,8895.16,8558.69,8712.06,517.659225
237,2020-01-15 17:30:00,8712.37,8899.0,8660.0,8813.85,560.931032
238,2020-01-16 05:30:00,8813.82,8844.56,8581.81,8700.99,327.836997
239,2020-01-16 17:30:00,8702.15,8766.7,8604.18,8710.19,313.108448
240,2020-01-17 05:30:00,8709.23,9009.68,8661.63,8884.71,521.252045
241,2020-01-17 17:30:00,8885.26,8949.0,8757.3,8888.52,628.955226
242,2020-01-18 05:30:00,8893.76,8973.91,8800.0,8857.06,479.832387
243,2020-01-18 17:30:00,8865.11,8951.22,8839.47,8909.19,344.243333
244,2020-01-19 05:30:00,8906.67,9185.0,8535.0,8665.91,468.73626
245,2020-01-19 17:30:00,8665.24,8745.7,8480.0,8690.65,529.511302
246,2020-01-20 05:30:00,8690.66,8723.77,8582.49,8603.74,256.078623
247,2020-01-20 17:30:00,8601.25,8730.79,8509.48,8626.06,452.640009
248,2020-01-21 05:30:00,8628.7,8675.75,8590.0,8639.16,191.100314
249,2020-01-21 17:30:00,8636.59,8765.74,8472.81,8721.25,438.399384
250,2020-01-22 05:30:00,8720.95,8792.44,8604.24,8637.65,194.713639
251,2020-01-22 17:30:00,8635.08,8678.25,8568.37,8660.0,262.352287
252,2020-01-23 05:30:00,8654.87,8664.28,8379.12,8395.37,419.366565
253,2020-01-23 17:30:00,8393.9,8450.58,8280.0,8385.72,543.73974
254,2020-01-24 05:30:00,8386.86,8397.17,8218.62,8391.07,411.307466
255,2020-01-24 17:30:00,8391.06,8509.7,8349.35,8424.81,431.906949
256,2020-01-25 05:30:00,8424.24,8434.14,8252.68,8297.41,367.963367
257,2020-01-25 17:30:00,8296.65,8400.0,8269.67,8322.75,271.908065
258,2020-01-26 05:30:00,8322.65,8459.09,8281.47,8455.6,295.715453
259,2020-01-26 17:30:00,8459.06,8597.84,8417.88,8595.94,345.558798
260,2020-01-27 05:30:00,8595.58,8720.14,8552.09,8710.73,330.23883
261,2020-01-27 17:30:00,8713.05,8981.59,8680.27,8891.56,521.97238
262,2020-01-28 05:30:00,8888.29,9140.0,8888.29,9061.66,460.178531
263,2020-01-28 17:30:00,9060.16,9400.0,8885.0,9376.3,593.633808
264,2020-01-29 05:30:00,9374.29,9423.51,9217.96,9283.24,457.917761
265,2020-01-29 17:30:00,9284.16,9424.38,9237.87,9283.4,412.25445
266,2020-01-30 05:30:00,9283.4,9380.29,9180.12,9319.81,323.95996
267,2020-01-30 17:30:00,9320.0,9561.24,9200.01,9499.49,456.67657
268,2020-01-31 05:30:00,9501.12,9519.42,9255.65,9307.07,403.768542
269,2020-01-31 17:30:00,9302.84,9407.61,9192.49,9336.29,323.069599
270,2020-02-01 05:30:00,9336.5,9452.23,9317.83,9343.22,337.35002
271,2020-02-01 17:30:00,9345.18,9413.66,9287.62,9377.14,451.811162
272,2020-02-02 05:30:00,9376.72,9447.94,9150.0,9426.75,467.098749
273,2020-02-02 17:30:00,9430.3,9474.47,9311.35,9321.69,362.634977
274,2020-02-03 05:30:00,9323.44,9601.17,9280.96,9327.64,468.879271
275,2020-02-03 17:30:00,9329.41,9350.5,9207.03,9284.88,412.561659
276,2020-02-04 05:30:00,9280.42,9339.98,9089.22,9166.49,568.965371
277,2020-02-04 17:30:00,9164.74,9218.44,9080.0,9169.11,504.690429
278,2020-02-05 05:30:00,9169.11,9400.0,9151.56,9394.49,450.849067
279,2020-02-05 17:30:00,9396.86,9750.0,9396.86,9609.41,1148.034652
280,2020-02-06 05:30:00,9609.75,9690.0,9528.17,9680.61,527.391375
281,2020-02-06 17:30:00,9681.63,9850.0,9629.26,9752.92,799.91477
282,2020-02-07 05:30:00,9753.12,9870.0,9730.97,9795.28,574.699189
283,2020-02-07 17:30:00,9795.06,9828.13,9715.63,9805.13,529.221542
284,2020-02-08 05:30:00,9804.08,9837.92,9658.56,9807.14,635.717825
285,2020-02-08 17:30:00,9808.15,9944.18,9751.0,9901.35,572.286741
286,2020-02-09 05:30:00,9901.56,10173.68,9887.8,10108.78,734.713985
287,2020-02-09 17:30:00,10111.86,10170.0,10011.55,10163.37,502.625056
288,2020-02-10 05:30:00,10163.92,10196.53,9757.58,9810.26,1211.366822
289,2020-02-10 17:30:00,9808.37,9918.86,9767.11,9849.46,721.201484
290,2020-02-11 05:30:00,9847.63,9855.54,9708.07,9802.01,717.078571
291,2020-02-11 17:30:00,9802.0,10352.46,9787.81,10257.86,1555.070337
292,2020-02-12 05:30:00,10259.72,10477.55,10244.11,10359.69,990.089372
293,2020-02-12 17:30:00,10361.82,10437.26,10272.5,10345.0,849.959791
294,2020-02-13 05:30:00,10344.47,10505.92,10081.83,10143.72,1023.358166
295,2020-02-13 17:30:00,10143.72,10497.13,10099.41,10230.0,962.863858
296,2020-02-14 05:30:00,10229.35,10288.57,10099.81,10257.72,782.687406
297,2020-02-14 17:30:00,10260.77,10388.65,10215.3,10365.4,723.530121
298,2020-02-15 05:30:00,10362.01,10397.36,10200.0,10234.71,557.272342
299,2020-02-15 17:30:00,10234.46,10260.0,9800.0,9903.47,874.975049
300,2020-02-16 05:30:00,9903.39,10049.94,9853.84,9924.47,579.730047
301,2020-02-16 17:30:00,9924.47,9999.99,9629.58,9922.46,1408.695348
302,2020-02-17 05:30:00,9922.44,9967.33,9580.76,9611.99,888.643036
303,2020-02-17 17:30:00,9616.43,9734.72,9457.84,9705.82,1050.459446
304,2020-02-18 05:30:00,9707.3,9820.0,9629.3,9712.37,568.65143
305,2020-02-18 17:30:00,9708.07,10273.08,9602.62,10185.88,1094.300246
306,2020-02-19 05:30:00,10189.16,10209.96,10033.55,10161.32,599.900709
307,2020-02-19 17:30:00,10161.32,10264.15,9350.03,9598.06,1270.672213
308,2020-02-20 05:30:00,9597.61,9652.18,9493.98,9570.78,799.571717
309,2020-02-20 17:30:00,9570.02,9698.87,9410.0,9603.98,1228.009071
310,2020-02-21 05:30:00,9603.56,9741.17,9574.62,9702.09,755.150495
311,2020-02-21 17:30:00,9701.0,9762.4,9577.76,9689.0,837.09147
312,2020-02-22 05:30:00,9687.74,9717.48,9567.04,9643.84,403.808062
313,2020-02-22 17:30:00,9643.84,9709.99,9615.67,9666.67,579.295412
314,2020-02-23 05:30:00,9665.11,10018.78,9663.72,9857.76,997.741229
315,2020-02-23 17:30:00,9857.76,9995.82,9835.28,9964.16,787.023621
316,2020-02-24 05:30:00,9964.51,10019.86,9615.44,9810.44,1401.956323
317,2020-02-24 17:30:00,9810.44,9841.87,9484.35,9654.97,1618.460414
318,2020-02-25 05:30:00,9653.31,9668.3,9485.83,9629.26,1088.28727
319,2020-02-25 17:30:00,9629.29,9673.16,9240.02,9308.43,1963.358202
320,2020-02-26 05:30:00,9306.54,9365.21,9089.81,9134.0,1705.477305
321,2020-02-26 17:30:00,9134.51,9276.0,8622.23,8775.92,2543.857639
322,2020-02-27 05:30:00,8778.26,8853.43,8523.95,8800.11,2040.280387
323,2020-02-27 17:30:00,8801.31,8974.75,8674.37,8815.88,2035.316112
324,2020-02-28 05:30:00,8817.81,8899.99,8534.36,8579.84,1821.20953
325,2020-02-28 17:30:00,8579.84,8800.0,8437.4,8706.48,2506.84526
326,2020-02-29 05:30:00,8702.71,8796.91,8612.83,8702.31,887.537607
327,2020-02-29 17:30:00,8701.74,8703.01,8522.87,8524.53,950.067954
328,2020-03-01 05:30:00,8522.83,8669.63,8512.49,8646.48,1138.327593
329,2020-03-01 17:30:00,8647.8,8746.68,8411.11,8525.69,2004.446469
330,2020-03-02 05:30:00,8521.81,8767.98,8487.7,8755.18,1331.788666
331,2020-03-02 17:30:00,8757.37,8970.07,8715.97,8916.01,1333.884196
332,2020-03-03 05:30:00,8919.54,8920.83,8735.0,8866.74,905.180867
333,2020-03-03 17:30:00,8866.6,8906.57,8658.18,8759.41,1423.692122
334,2020-03-04 05:30:00,8761.16,8849.79,8700.0,8719.7,696.385502
335,2020-03-04 17:30:00,8719.69,8783.61,8668.03,8757.57,999.009064
336,2020-03-05 05:30:00,8757.64,9123.7,8757.56,9109.97,1384.328461
337,2020-03-05 17:30:00,9109.8,9170.0,9027.48,9069.3,1385.12181
338,2020-03-06 05:30:00,9068.96,9179.0,8999.0,9138.77,1008.107667
339,2020-03-06 17:30:00,9139.29,9157.31,9021.79,9152.98,1248.291815
340,2020-03-07 05:30:00,9153.13,9163.69,9069.46,9108.12,658.067782
341,2020-03-07 17:30:00,9108.6,9212.26,8860.0,8896.07,1162.648147
342,2020-03-08 05:30:00,8895.83,8895.83,8687.83,8753.77,1054.473985
343,2020-03-08 17:30:00,8753.38,8758.06,8003.2,8035.49,3729.064777
344,2020-03-09 05:30:00,8035.39,8178.26,7681.1,7808.81,3985.025232
345,2020-03-09 17:30:00,7809.26,7937.84,7633.36,7926.58,5038.456287
346,2020-03-10 05:30:00,7926.62,8108.98,7847.08,8067.46,1987.826588
347,2020-03-10 17:30:00,8067.56,8151.72,7731.89,7889.21,2915.7545
348,2020-03-11 05:30:00,7892.58,7963.84,7758.53,7830.53,1224.345884
349,2020-03-11 17:30:00,7828.49,7985.51,7587.34,7940.09,2503.363848
350,2020-03-12 05:30:00,7941.97,7968.67,5324.87,6007.9,6056.50777
351,2020-03-12 17:30:00,6008.04,6277.96,4418.46,4802.94,10092.066758
352,2020-03-13 05:30:00,4800.43,5705.23,3775.58,5426.57,9273.494931
353,2020-03-13 17:30:00,5424.21,5995.35,4832.14,5634.62,6418.339577
354,2020-03-14 05:30:00,5625.69,5662.06,5192.02,5478.69,4924.102965
355,2020-03-14 17:30:00,5472.23,5505.39,5052.06,5164.13,3149.030534
356,2020-03-15 05:30:00,5174.02,5480.0,5090.48,5431.04,1983.725065
357,2020-03-15 17:30:00,5432.77,5962.79,5161.89,5353.66,5173.157097
358,2020-03-16 05:30:00,5352.22,5353.56,4433.58,4564.25,6159.60758
359,2020-03-16 17:30:00,4562.45,5201.97,4500.21,5032.16,8590.832251
360,2020-03-17 05:30:00,5033.7,5462.83,4930.01,5281.48,4550.257337
361,2020-03-17 17:30:00,5281.48,5550.0,5071.95,5336.77,4801.768575
362,2020-03-18 05:30:00,5335.61,5450.0,5022.58,5156.92,3708.039485
363,2020-03-18 17:30:00,5154.03,5428.25,5020.81,5412.82,5241.277986
364,2020-03-19 05:30:00,5412.47,5681.21,5268.13,5642.58,3542.899053
365,2020-03-19 17:30:00,5642.59,6421.46,5632.65,6182.87,5095.89598
366,2020-03-20 05:30:00,6181.63,6930.11,6068.26,6680.93,3408.223302
367,2020-03-20 17:30:00,6680.93,6728.58,5667.71,6208.8,7085.381085
368,2020-03-21 05:30:00,6211.3,6378.57,5869.65,6120.29,4565.23943
369,2020-03-21 17:30:00,6120.2,6465.0,6058.0,6198.75,4082.536746
370,2020-03-22 05:30:00,6195.33,6413.72,6116.32,6163.94,2303.873604
371,2020-03-22 17:30:00,6165.81,6167.0,5744.54,5818.63,5944.395795
372,2020-03-23 05:30:00,5820.02,6000.0,5689.28,5861.22,3749.412653
373,2020-03-23 17:30:00,5861.22,6622.32,5861.22,6493.87,4609.038177
374,2020-03-24 05:30:00,6493.88,6856.6,6402.04,6761.84,2811.824672
375,2020-03-24 17:30:00,6760.45,6813.32,6499.16,6762.28,2776.631721
376,2020-03-25 05:30:00,6762.61,6979.0,6475.2,6536.42,2734.850533
377,2020-03-25 17:30:00,6536.42,6810.77,6521.02,6691.16,2421.471128
378,2020-03-26 05:30:00,6694.17,6793.87,6571.62,6614.69,1491.271938
379,2020-03-26 17:30:00,6616.04,6782.98,6530.0,6754.51,1892.047594
380,2020-03-27 05:30:00,6756.28,6868.42,6614.79,6635.1,1868.141851
381,2020-03-27 17:30:00,6635.51,6706.8,6274.34,6366.98,1964.573171
382,2020-03-28 05:30:00,6368.42,6368.42,6074.65,6247.36,2120.670157
383,2020-03-28 17:30:00,6247.41,6307.14,6032.22,6251.0,1838.05331
384,2020-03-29 05:30:00,6251.14,6276.79,6088.39,6141.1,1003.49716
385,2020-03-29 17:30:00,6141.11,6166.0,5871.51,5883.13,2148.622671
386,2020-03-30 05:30:00,5882.97,6419.18,5860.2,6373.58,2496.836525
387,2020-03-30 17:30:00,6373.55,6617.48,6282.9,6405.92,2537.812385
388,2020-03-31 05:30:00,6405.93,6529.97,6358.56,6400.52,1373.69733
389,2020-03-31 17:30:00,6401.16,6514.39,6337.73,6427.47,2097.517329
390,2020-04-01 05:30:00,6427.83,6440.22,6267.19,6305.11,1624.506008
391,2020-04-01 17:30:00,6306.12,6697.94,6159.86,6664.3,2949.946595
392,2020-04-02 05:30:00,6664.24,6757.91,6578.95,6706.29,2094.656509
393,2020-04-02 17:30:00,6706.29,7232.96,6635.0,6797.85,5627.273225
394,2020-04-03 05:30:00,6797.85,7052.5,6727.86,7012.54,2367.535978
395,2020-04-03 17:30:00,7014.41,7021.64,6612.64,6739.29,4237.967141
396,2020-04-04 05:30:00,6739.43,6913.79,6660.95,6706.11,2284.510091
397,2020-04-04 17:30:00,6705.45,7003.98,6675.17,6871.1,2904.23649
398,2020-04-05 05:30:00,6871.07,6907.0,6750.0,6785.0,1514.518508
399,2020-04-05 17:30:00,6783.57,6842.3,6681.13,6782.53,2290.927202
400,2020-04-06 05:30:00,6783.03,7161.59,6775.0,7110.19,3874.813175
401,2020-04-06 17:30:00,7110.19,7363.41,7054.39,7339.31,3147.528407
402,2020-04-07 05:30:00,7340.23,7459.47,7236.0,7394.09,3447.847135
403,2020-04-07 17:30:00,7392.9,7465.1,7078.76,7199.79,2778.232424
404,2020-04-08 05:30:00,7201.52,7425.0,7153.06,7301.76,2154.200827
405,2020-04-08 17:30:00,7299.22,7399.49,7207.53,7372.16,2002.720232
406,2020-04-09 05:30:00,7372.12,7378.72,7150.0,7189.55,1434.133401
407,2020-04-09 17:30:00,7191.02,7358.92,7118.88,7293.8,1577.843228
408,2020-04-10 05:30:00,7293.79,7303.24,6860.01,6903.71,2883.726346
409,2020-04-10 17:30:00,6903.25,6954.25,6750.0,6867.8,3158.872796
410,2020-04-11 05:30:00,6867.9,6951.72,6840.0,6890.11,1336.683933
411,2020-04-11 17:30:00,6890.34,6899.98,6770.7,6886.37,1383.12857
412,2020-04-12 05:30:00,6886.74,6914.02,6790.14,6860.08,878.03256
413,2020-04-12 17:30:00,6860.2,7194.98,6860.2,6912.7,2796.483377
414,2020-04-13 05:30:00,6909.04,6909.96,6581.35,6790.71,3016.277798
415,2020-04-13 17:30:00,6791.62,6905.0,6614.58,6855.31,2973.748892
416,2020-04-14 05:30:00,6855.01,6933.33,6749.43,6840.29,1759.567543
417,2020-04-14 17:30:00,6840.28,6988.06,6813.69,6877.23,2381.901657
418,2020-04-15 05:30:00,6877.22,6939.47,6752.89,6784.82,1769.893083
419,2020-04-15 17:30:00,6784.82,6784.82,6610.7,6622.99,2490.530189
420,2020-04-16 05:30:00,6623.01,7152.99,6476.78,7032.06,4471.51367
421,2020-04-16 17:30:00,7032.65,7208.52,6942.85,7112.49,3899.793845
422,2020-04-17 05:30:00,7114.28,7149.16,7024.0,7084.28,1769.812992
423,2020-04-17 17:30:00,7084.61,7152.0,6996.61,7033.72,1957.276622
424,2020-04-18 05:30:00,7033.45,7129.9,7022.53,7114.28,1073.407058
425,2020-04-18 17:30:00,7113.3,7303.2,7087.87,7259.3,1878.374741
426,2020-04-19 05:30:00,7259.5,7274.19,7111.52,7174.12,1480.530667
427,2020-04-19 17:30:00,7173.77,7214.28,7062.56,7131.31,1991.657544
428,2020-04-20 05:30:00,7130.98,7223.45,6962.5,6972.12,2032.347269
429,2020-04-20 17:30:00,6970.49,7102.04,6748.15,6840.5,3265.920404
430,2020-04-21 05:30:00,6837.84,6921.97,6772.07,6804.74,1516.918411
431,2020-04-21 17:30:00,6803.57,6951.0,6790.67,6850.65,3361.941343
432,2020-04-22 05:30:00,6850.34,6985.0,6825.34,6963.01,1349.57224
433,2020-04-22 17:30:00,6963.02,7166.33,6938.24,7133.15,2551.264289
434,2020-04-23 05:30:00,7134.93,7189.51,7032.94,7141.41,1754.852518
435,2020-04-23 17:30:00,7141.48,7766.89,7118.36,7490.61,5241.264894
436,2020-04-24 05:30:00,7490.62,7659.0,7469.86,7495.23,3041.026365
437,2020-04-24 17:30:00,7494.66,7555.27,7394.06,7511.21,2011.398837
438,2020-04-25 05:30:00,7511.22,7606.86,7435.52,7539.79,1305.436288
439,2020-04-25 17:30:00,7539.38,7714.34,7483.65,7545.92,1605.527831
440,2020-04-26 05:30:00,7545.91,7684.69,7530.11,7668.05,1352.477323
441,2020-04-26 17:30:00,7668.17,7710.31,7482.48,7703.16,2345.708153
442,2020-04-27 05:30:00,7702.33,7800.0,7639.02,7724.7,2375.984475
443,2020-04-27 17:30:00,7724.7,7792.33,7633.16,7785.89,1841.304297
444,2020-04-28 05:30:00,7787.54,7792.7,7671.46,7739.47,1523.909208
445,2020-04-28 17:30:00,7739.09,7776.6,7670.83,7752.63,2059.762687
446,2020-04-29 05:30:00,7752.55,8190.17,7720.0,8145.36,4276.620883
447,2020-04-29 17:30:00,8145.36,8975.0,8141.94,8785.99,7769.395138
448,2020-04-30 05:30:00,8786.25,9472.04,8560.0,8851.28,8117.488387
449,2020-04-30 17:30:00,8851.14,8922.59,8408.0,8625.69,5909.866347
450,2020-05-01 05:30:00,8625.68,9070.0,8619.74,9007.07,3540.253206
451,2020-05-01 17:30:00,9007.2,9032.0,8660.0,8828.7,4796.208226
452,2020-05-02 05:30:00,8828.78,8895.0,8759.49,8845.45,1388.089584
453,2020-05-02 17:30:00,8845.77,9018.03,8813.63,8980.54,2626.679014
454,2020-05-03 05:30:00,8981.04,9203.37,8930.67,9049.9,2951.308728
455,2020-05-03 17:30:00,9051.1,9074.47,8727.43,8902.71,4079.947236
456,2020-05-04 05:30:00,8902.75,8945.24,8534.27,8681.7,3149.133765
457,2020-05-04 17:30:00,8681.87,8964.76,8658.32,8882.88,2770.993813
458,2020-05-05 05:30:00,8883.73,9118.41,8762.85,8853.44,2789.577616
459,2020-05-05 17:30:00,8852.79,9046.75,8818.26,9025.28,2475.344275
460,2020-05-06 05:30:00,9026.14,9365.01,8918.36,9327.22,2929.82784
461,2020-05-06 17:30:00,9328.09,9412.8,9090.95,9155.19,3854.714916
462,2020-05-07 05:30:00,9154.07,9379.67,9034.75,9286.66,2302.452364
463,2020-05-07 17:30:00,9286.6,10073.45,9267.93,9999.02,6368.400369
464,2020-05-08 05:30:00,9999.62,10051.16,9725.89,9911.21,3857.640249
465,2020-05-08 17:30:00,9910.85,10022.8,9780.0,9810.2,3000.034826
466,2020-05-09 05:30:00,9810.21,9920.26,9523.0,9639.78,3122.946947
467,2020-05-09 17:30:00,9639.42,9801.74,9525.0,9537.51,2605.005095
468,2020-05-10 05:30:00,9537.5,9568.19,6011.0,8734.91,12696.874428
469,2020-05-10 17:30:00,8737.37,8838.88,8258.25,8726.75,5415.054704
470,2020-05-11 05:30:00,8726.21,8990.0,8481.68,8939.57,3329.4292
471,2020-05-11 17:30:00,8939.2,9172.71,8200.1,8564.38,10003.499625
472,2020-05-12 05:30:00,8566.68,8828.12,8533.74,8803.69,2568.551749
473,2020-05-12 17:30:00,8804.07,8980.99,8660.91,8818.06,2969.09758
474,2020-05-13 05:30:00,8816.91,9050.0,8798.97,9039.32,2154.742624
475,2020-05-13 17:30:00,9040.61,9411.1,8994.69,9318.34,3226.186163
476,2020-05-14 05:30:00,9318.21,9945.37,9266.57,9689.15,4177.43848
477,2020-05-14 17:30:00,9689.26,9874.0,9544.42,9794.89,3833.962411
478,2020-05-15 05:30:00,9795.04,9847.57,9240.77,9586.74,4118.065187
479,2020-05-15 17:30:00,9586.74,9610.0,9119.65,9307.55,4081.580856
480,2020-05-16 05:30:00,9306.28,9584.68,9212.16,9410.92,2378.433972
481,2020-05-16 17:30:00,9410.92,9524.59,9258.47,9381.74,2394.056197
482,2020-05-17 05:30:00,9381.74,9574.08,9324.27,9520.14,2049.338245
483,2020-05-17 17:30:00,9519.88,9889.0,9519.88,9677.28,3276.176505
484,2020-05-18 05:30:00,9677.27,9950.0,9464.38,9623.99,4340.917179
485,2020-05-18 17:30:00,9625.22,9747.78,9540.0,9724.47,2586.859633
486,2020-05-19 05:30:00,9724.48,9899.72,9466.0,9749.3,5063.732892
487,2020-05-19 17:30:00,9747.96,9792.73,9555.0,9775.11,4160.920927
488,2020-05-20 05:30:00,9774.61,9835.0,9632.38,9724.26,3731.81886
489,2020-05-20 17:30:00,9724.48,9793.22,9302.44,9505.45,4834.510193
490,2020-05-21 05:30:00,9505.59,9569.76,9227.42,9376.49,4446.349321
491,2020-05-21 17:30:00,9376.12,9382.11,8800.75,9058.04,7016.900256
492,2020-05-22 05:30:00,9058.01,9187.99,8923.07,9157.81,3241.56553
493,2020-05-22 17:30:00,9157.77,9260.0,9077.56,9168.97,1973.833134
494,2020-05-23 05:30:00,9168.91,9308.16,9095.41,9175.01,1711.809134
495,2020-05-23 17:30:00,9174.77,9246.93,9083.27,9177.76,1243.037029
496,2020-05-24 05:30:00,9177.7,9298.25,9095.0,9113.85,1325.283543
497,2020-05-24 17:30:00,9114.36,9175.8,8685.43,8713.48,3817.33632
498,2020-05-25 05:30:00,8714.09,8878.84,8635.06,8750.75,2717.176353
499,2020-05-25 17:30:00,8750.89,8976.4,8729.28,8896.18,2833.878622
500,2020-05-26 05:30:00,8896.18,9000.0,8816.01,8866.27,2703.90082
501,2020-05-26 17:30:00,8866.27,8908.17,8692.36,8840.65,2025.204212
502,2020-05-27 05:30:00,8840.7,9162.25,8808.89,9149.95,2239.202425
503,2020-05-27 17:30:00,9148.54,9227.03,9050.0,9202.59,2410.48515
504,2020-05-28 05:30:00,9202.87,9288.82,9111.22,9270.74,1878.313158
505,2020-05-28 17:30:00,9270.84,9624.53,9257.0,9580.0,4065.601733
506,2020-05-29 05:30:00,9579.16,9606.33,9339.15,9399.69,2883.534095
507,2020-05-29 17:30:00,9399.77,9471.42,9327.73,9421.32,1753.160428
508,2020-05-30 05:30:00,9421.19,9596.75,9328.57,9551.07,1814.233216
509,2020-05-30 17:30:00,9551.16,9749.0,9400.18,9699.2,2452.640091
510,2020-05-31 05:30:00,9699.33,9701.03,9495.0,9588.06,1945.397666
511,2020-05-31 17:30:00,9587.77,9637.23,9383.45,9441.94,2372.67933
512,2020-06-01 05:30:00,9441.78,9610.0,9413.67,9507.61,2276.280552
513,2020-06-01 17:30:00,9507.28,10395.58,9487.89,10213.1,4545.638723
514,2020-06-02 05:30:00,10213.1,10236.96,10036.98,10107.15,6450.53592
515,2020-06-02 17:30:00,10107.14,10181.63,9272.27,9517.5,7393.059322
516,2020-06-03 05:30:00,9516.52,9618.81,9369.0,9617.25,2318.774916
517,2020-06-03 17:30:00,9617.33,9693.0,9497.36,9664.73,2611.223017
518,2020-06-04 05:30:00,9664.92,9686.86,9454.41,9620.51,3015.595198
519,2020-06-04 17:30:00,9619.6,9884.99,9601.16,9791.63,3668.151924
520,2020-06-05 05:30:00,9790.55,9846.73,9594.43,9693.54,3518.575949
521,2020-06-05 17:30:00,9693.87,9749.92,9614.78,9616.57,1906.181433
522,2020-06-06 05:30:00,9616.1,9693.73,9529.46,9688.59,1790.77086
523,2020-06-06 17:30:00,9688.57,9730.68,9581.22,9666.23,1522.253133
524,2020-06-07 05:30:00,9666.22,9711.96,9544.2,9572.19,1324.980131
525,2020-06-07 17:30:00,9571.79,9820.0,9373.36,9751.76,3693.58755
526,2020-06-08 05:30:00,9751.75,9807.74,9632.55,9744.03,1698.929717
527,2020-06-08 17:30:00,9744.04,9802.29,9654.13,9785.52,1616.340539
528,2020-06-09 05:30:00,9785.5,9878.98,9561.22,9721.53,1909.4625
529,2020-06-09 17:30:00,9721.73,9833.33,9674.73,9779.74,2332.629916
530,2020-06-10 05:30:00,9778.07,9813.99,9704.08,9726.85,1545.824522
531,2020-06-10 17:30:00,9726.8,9999.0,9688.0,9890.27,1970.170269
532,2020-06-11 05:30:00,9890.49,9970.0,9743.49,9778.0,3311.664772
533,2020-06-11 17:30:00,9778.0,9785.64,9047.7,9267.6,5518.084958
534,2020-06-12 05:30:00,9267.49,9509.17,9227.84,9490.96,1757.352886
535,2020-06-12 17:30:00,9490.91,9550.0,9300.0,9463.6,1450.020293
536,2020-06-13 05:30:00,9463.53,9471.63,9360.6,9403.76,1407.748924
537,2020-06-13 17:30:00,9403.78,9495.42,9350.0,9473.83,1127.518203
538,2020-06-14 05:30:00,9473.77,9481.81,9374.1,9423.45,771.456326
539,2020-06-14 17:30:00,9423.44,9430.87,9238.78,9334.3,1516.609754
540,2020-06-15 05:30:00,9334.05,9358.87,8895.52,9103.05,3361.967312
541,2020-06-15 17:30:00,9103.07,9497.36,9032.32,9427.1,3198.428945
542,2020-06-16 05:30:00,9427.1,9588.0,9378.53,9503.8,1862.790519
543,2020-06-16 17:30:00,9503.8,9584.89,9396.3,9525.19,1661.235016
544,2020-06-17 05:30:00,9525.37,9532.49,9417.97,9471.26,1333.146009
545,2020-06-17 17:30:00,9471.41,9558.85,9226.25,9454.02,2629.160077
546,2020-06-18 05:30:00,9454.57,9473.67,9371.7,9423.04,1026.939534
547,2020-06-18 17:30:00,9422.98,9434.65,9267.09,9373.45,1875.05561
548,2020-06-19 05:30:00,9374.46,9423.4,9227.95,9375.37,2161.588877
549,2020-06-19 17:30:00,9375.37,9414.3,9241.17,9294.5,3016.059519
550,2020-06-20 05:30:00,9294.67,9374.28,9153.44,9315.68,1731.440252
551,2020-06-20 17:30:00,9315.64,9388.68,9220.8,9352.93,1499.334886
552,2020-06-21 05:30:00,9353.59,9415.0,9325.73,9351.94,1081.820481
553,2020-06-21 17:30:00,9351.9,9379.57,9270.12,9280.84,1800.649741
554,2020-06-22 05:30:00,9280.71,9465.71,9263.87,9452.72,1385.492275
555,2020-06-22 17:30:00,9452.68,9782.54,9440.0,9685.58,2302.272157
556,2020-06-23 05:30:00,9685.61,9718.67,9573.57,9629.32,1672.608514
557,2020-06-23 17:30:00,9629.31,9690.95,9587.77,9621.22,1794.401838
558,2020-06-24 05:30:00,9621.22,9663.41,9300.0,9316.07,2797.022861
559,2020-06-24 17:30:00,9316.35,9413.61,9192.02,9283.97,2800.715433
560,2020-06-25 05:30:00,9284.46,9323.25,8989.0,9247.42,2628.205115
561,2020-06-25 17:30:00,9247.55,9333.66,9154.21,9242.26,1764.383051
562,2020-06-26 05:30:00,9242.22,9289.62,9076.08,9172.72,2871.150057
563,2020-06-26 17:30:00,9172.85,9219.24,9029.8,9152.93,2095.819056
564,2020-06-27 05:30:00,9153.18,9184.17,9092.91,9151.58,1130.185595
565,2020-06-27 17:30:00,9151.72,9169.55,8822.0,9001.85,2641.865058
566,2020-06-28 05:30:00,9001.85,9073.14,8939.13,9044.7,841.585658
567,2020-06-28 17:30:00,9045.06,9187.28,9014.22,9111.79,1555.885228
568,2020-06-29 05:30:00,9111.98,9139.89,9050.0,9083.45,1528.784309
569,2020-06-29 17:30:00,9083.46,9232.3,9015.39,9186.63,2219.71649
570,2020-06-30 05:30:00,9186.95,9199.81,9105.61,9142.8,1252.695949
571,2020-06-30 17:30:00,9142.5,9185.25,9055.92,9134.64,1725.302058
572,2020-07-01 05:30:00,9134.52,9194.94,9086.56,9155.99,1390.812464
573,2020-07-01 17:30:00,9155.95,9292.92,9133.87,9232.97,1794.133757
574,2020-07-02 05:30:00,9232.98,9263.76,9168.51,9193.47,1084.707515
575,2020-07-02 17:30:00,9193.33,9253.06,8935.95,9086.99,3120.887665
576,2020-07-03 05:30:00,9086.99,9123.12,9030.0,9097.04,1114.104575
577,2020-07-03 17:30:00,9097.24,9121.78,9040.21,9056.24,1346.202643
578,2020-07-04 05:30:00,9057.45,9095.16,9042.81,9058.05,843.886604
579,2020-07-04 17:30:00,9058.0,9191.47,9043.42,9137.72,1277.526738
580,2020-07-05 05:30:00,9137.28,9145.09,8989.0,9035.39,1240.003705
581,2020-07-05 17:30:00,9035.36,9098.7,8904.69,9073.03,1355.659811
582,2020-07-06 05:30:00,9073.03,9236.14,9059.49,9221.96,1873.341383
583,2020-07-06 17:30:00,9221.88,9372.63,9196.59,9343.16,2140.602026
584,2020-07-07 05:30:00,9343.08,9377.78,9218.0,9267.28,1530.871527
585,2020-07-07 17:30:00,9267.21,9285.96,9204.08,9256.05,1664.944007
586,2020-07-08 05:30:00,9256.13,9320.0,9231.58,9308.3,1720.482915
587,2020-07-08 17:30:00,9308.25,9472.0,9283.24,9439.67,2459.260063
588,2020-07-09 05:30:00,9439.7,9443.67,9348.72,9400.11,1467.171802
589,2020-07-09 17:30:00,9400.15,9432.24,9156.51,9231.53,2610.939996
590,2020-07-10 05:30:00,9231.39,9234.87,9118.89,9154.65,1989.963159
591,2020-07-10 17:30:00,9154.13,9315.0,9153.01,9286.71,1656.366641
592,2020-07-11 05:30:00,9287.04,9298.74,9178.88,9200.75,1031.37823
593,2020-07-11 17:30:00,9200.06,9250.33,9195.0,9231.22,855.985562
594,2020-07-12 05:30:00,9231.22,9289.8,9228.86,9245.4,921.642244
595,2020-07-12 17:30:00,9245.39,9349.8,9156.96,9301.96,1602.762906
596,2020-07-13 05:30:00,9301.96,9321.39,9243.01,9305.41,1547.374049
597,2020-07-13 17:30:00,9305.66,9340.0,9197.44,9235.92,2119.58882
598,2020-07-14 05:30:00,9235.91,9239.44,9106.11,9227.38,1735.860315
599,2020-07-14 17:30:00,9227.37,9274.61,9178.99,9253.41,1632.79816
600,2020-07-15 05:30:00,9253.42,9272.66,9182.66,9211.88,1327.92694
601,2020-07-15 17:30:00,9211.86,9240.13,9151.22,9187.9,1775.977735
602,2020-07-16 05:30:00,9187.97,9216.91,9031.87,9068.03,2248.070838
603,2020-07-16 17:30:00,9067.95,9146.76,9058.11,9127.31,1545.109408
604,2020-07-17 05:30:00,9127.34,9134.88,9078.43,9129.26,1314.085442
605,2020-07-17 17:30:00,9129.56,9177.2,9123.78,9151.61,1265.917094
606,2020-07-18 05:30:00,9151.57,9210.73,9120.46,9159.93,1072.364351
607,2020-07-18 17:30:00,9159.92,9203.46,9152.85,9172.42,1086.624607
608,2020-07-19 05:30:00,9172.31,9182.44,9102.3,9124.75,1032.170606
609,2020-07-19 17:30:00,9124.8,9235.0,9112.44,9211.93,1542.885216
610,2020-07-20 05:30:00,9211.53,9223.04,9129.49,9145.03,1919.995881
611,2020-07-20 17:30:00,9145.11,9203.67,9139.19,9162.54,1690.20702
612,2020-07-21 05:30:00,9162.51,9359.39,9153.48,9349.9,2529.489661
613,2020-07-21 17:30:00,9349.86,9438.0,9323.6,9396.79,2315.177617
614,2020-07-22 05:30:00,9396.79,9397.96,9277.67,9346.51,1748.82533
615,2020-07-22 17:30:00,9346.52,9563.06,9315.83,9532.6,3239.676795
616,2020-07-23 05:30:00,9532.19,9547.18,9476.84,9513.66,2388.306334
617,2020-07-23 17:30:00,9513.66,9676.62,9449.11,9613.95,3742.359109
618,2020-07-24 05:30:00,9613.81,9616.46,9474.98,9538.4,2765.218826
619,2020-07-24 17:30:00,9538.41,9647.48,9507.71,9550.42,3573.146452
620,2020-07-25 05:30:00,9550.41,9631.35,9535.46,9583.83,2474.344789
621,2020-07-25 17:30:00,9583.82,9747.18,9562.76,9710.08,3684.299733
622,2020-07-26 05:30:00,9710.16,10170.7,9659.05,9980.24,6438.603625
623,2020-07-26 17:30:00,9980.23,10000.0,9826.49,9939.36,3956.233625
624,2020-07-27 05:30:00,9939.38,10340.84,9931.61,10266.11,8812.411183
625,2020-07-27 17:30:00,10266.11,11420.86,10235.46,11050.92,12676.381112
626,2020-07-28 05:30:00,11050.92,11262.77,10577.0,10994.09,9045.005971
627,2020-07-28 17:30:00,10994.62,11188.96,10854.28,10925.77,5862.998473
628,2020-07-29 05:30:00,10925.48,11154.86,10850.0,11103.17,4022.006962
629,2020-07-29 17:30:00,11103.22,11352.63,10985.33,11111.67,5451.716353
630,2020-07-30 05:30:00,11111.67,11130.08,10894.91,10930.05,4582.325262
631,2020-07-30 17:30:00,10930.04,11187.91,10828.27,11109.09,4238.570576
632,2020-07-31 05:30:00,11109.16,11234.44,10968.53,11225.86,3343.744559
633,2020-07-31 17:30:00,11225.92,11458.39,11119.25,11352.64,5909.560296
634,2020-08-01 05:30:00,11352.34,11762.17,11235.0,11664.61,6317.611563
635,2020-08-01 17:30:00,11664.88,11883.03,11496.76,11815.45,6245.012081
636,2020-08-02 05:30:00,11815.91,12120.69,10540.74,11107.64,9320.733894
637,2020-08-02 17:30:00,11107.68,11287.99,10966.0,11071.15,5547.943956
638,2020-08-03 05:30:00,11071.52,11245.59,10935.33,11232.01,3107.404297
639,2020-08-03 17:30:00,11232.01,11482.96,11145.83,11229.96,4171.113226
640,2020-08-04 05:30:00,11230.17,11424.2,11057.69,11118.97,4767.338565
641,2020-08-04 17:30:00,11118.76,11275.12,11009.82,11197.44,4086.56904
642,2020-08-05 05:30:00,11197.83,11454.55,11090.0,11443.13,3745.733208
643,2020-08-05 17:30:00,11442.96,11797.0,11397.81,11756.82,5161.964202
644,2020-08-06 05:30:00,11756.98,11814.99,11574.15,11699.79,3424.315661
645,2020-08-06 17:30:00,11699.79,11913.01,11637.04,11771.4,4245.003882
646,2020-08-07 05:30:00,11771.25,11920.0,11686.97,11761.81,3275.957754
647,2020-08-07 17:30:00,11761.81,11775.91,11327.7,11605.37,5168.256089
648,2020-08-08 05:30:00,11606.02,11803.63,11524.24,11785.81,2059.690533
649,2020-08-08 17:30:00,11785.8,11818.52,11602.87,11769.85,2819.9859
650,2020-08-09 05:30:00,11769.85,11808.49,11612.49,11694.36,2441.317409
651,2020-08-09 17:30:00,11694.35,11702.88,11531.92,11688.44,2929.467924
652,2020-08-10 05:30:00,11688.45,12079.67,11525.0,11739.9,5259.678476
653,2020-08-10 17:30:00,11740.03,11982.07,11714.61,11901.25,3086.409246
654,2020-08-11 05:30:00,11901.15,11941.15,11651.25,11751.36,3355.213713
655,2020-08-11 17:30:00,11751.58,11751.58,11121.38,11385.73,7010.028409
656,2020-08-12 05:30:00,11385.97,11540.0,11145.0,11465.73,4045.037564
657,2020-08-12 17:30:00,11465.73,11627.38,11431.07,11567.18,3108.812039
658,2020-08-13 05:30:00,11567.18,11661.59,11277.17,11561.21,3724.501293
659,2020-08-13 17:30:00,11561.03,11805.35,11390.49,11794.79,4136.538444
660,2020-08-14 05:30:00,11794.8,11846.12,11657.39,11773.68,2967.391225
661,2020-08-14 17:30:00,11773.68,11860.74,11652.74,11773.55,3628.530299
662,2020-08-15 05:30:00,11773.55,11991.83,11773.21,11848.45,3119.92233
663,2020-08-15 17:30:00,11848.45,11982.38,11688.5,11859.31,3705.211575
664,2020-08-16 05:30:00,11859.22,11939.15,11726.57,11753.34,2328.098934
665,2020-08-16 17:30:00,11752.39,11919.0,11687.55,11915.38,2287.598904
666,2020-08-17 05:30:00,11915.4,11938.16,11774.56,11913.21,2433.437803
667,2020-08-17 17:30:00,11913.21,12482.2,11807.87,12295.87,6630.764429
668,2020-08-18 05:30:00,12295.08,12400.0,12163.26,12173.33,3062.596622
669,2020-08-18 17:30:00,12174.13,12263.11,11811.26,11954.07,5793.082173
670,2020-08-19 05:30:00,11954.07,12024.52,11615.0,11847.64,4593.801421
671,2020-08-19 17:30:00,11847.42,11919.61,11568.08,11757.13,4450.357954
672,2020-08-20 05:30:00,11756.7,11827.24,11671.3,11820.0,2498.337855
673,2020-08-20 17:30:00,11820.0,11889.04,11742.85,11861.39,2648.35489
674,2020-08-21 05:30:00,11861.19,11884.03,11690.12,11718.64,2672.388799
675,2020-08-21 17:30:00,11718.52,11772.41,11486.15,11528.88,5476.49875
676,2020-08-22 05:30:00,11528.88,11624.09,11372.6,11563.37,3184.342648
677,2020-08-22 17:30:00,11562.63,11689.97,11558.33,11669.87,2429.688001
678,2020-08-23 05:30:00,11669.64,11693.54,11520.0,11531.94,1975.435173
679,2020-08-23 17:30:00,11531.69,11719.15,11527.94,11651.37,2295.402691
680,2020-08-24 05:30:00,11651.37,11829.25,11592.02,11794.98,2429.749756
681,2020-08-24 17:30:00,11794.98,11820.87,11700.41,11749.98,3086.575283
682,2020-08-25 05:30:00,11749.96,11767.86,11507.71,11612.24,2728.514274
683,2020-08-25 17:30:00,11612.24,11612.24,11114.92,11322.05,6079.366623
684,2020-08-26 05:30:00,11322.02,11446.81,11253.77,11377.86,2538.157479
685,2020-08-26 17:30:00,11378.11,11548.08,11250.44,11467.49,3706.761834
686,2020-08-27 05:30:00,11467.49,11484.63,11302.72,11314.82,2646.170574
687,2020-08-27 17:30:00,11314.82,11595.28,11122.45,11328.5,6551.736431
688,2020-08-28 05:30:00,11328.75,11478.79,11278.42,11477.46,2717.219385
689,2020-08-28 17:30:00,11477.86,11548.0,11406.57,11532.37,3542.065573
690,2020-08-29 05:30:00,11532.37,11584.55,11413.48,11449.16,2670.466281
691,2020-08-29 17:30:00,11449.37,11553.89,11431.93,11469.17,2137.219408
692,2020-08-30 05:30:00,11469.16,11651.4,11462.31,11604.45,1724.640391
693,2020-08-30 17:30:00,11604.18,11717.31,11563.02,11711.1,2293.643929
694,2020-08-31 05:30:00,11711.37,11726.66,11575.65,11685.62,2164.398679
695,2020-08-31 17:30:00,11685.61,11790.0,11612.16,11653.66,3523.367667
696,2020-09-01 05:30:00,11653.65,11958.83,11526.52,11881.03,4102.141174
697,2020-09-01 17:30:00,11881.03,12062.69,11810.36,11923.74,4975.097985
698,2020-09-02 05:30:00,11923.74,11954.16,11152.26,11404.8,6588.012139
699,2020-09-02 17:30:00,11405.08,11477.86,11200.4,11395.71,6140.708535
700,2020-09-03 05:30:00,11395.71,11476.18,11188.6,11218.31,4708.441124
701,2020-09-03 17:30:00,11218.32,11259.66,9972.55,10146.86,12362.864426
702,2020-09-04 05:30:00,10146.9,10538.64,10075.57,10437.27,6078.230086
703,2020-09-04 17:30:00,10437.16,10630.0,9900.0,10454.94,7425.469722
704,2020-09-05 05:30:00,10454.94,10568.82,10120.3,10227.23,4413.135194
705,2020-09-05 17:30:00,10227.23,10347.35,9824.1,10166.07,9133.842275
706,2020-09-06 05:30:00,10166.47,10276.17,9994.81,10259.83,4696.386414
707,2020-09-06 17:30:00,10259.7,10350.0,10122.0,10256.89,3164.898772
708,2020-09-07 05:30:00,10256.89,10311.71,9997.77,10028.93,3692.278775
709,2020-09-07 17:30:00,10028.91,10408.3,9875.0,10373.32,5300.511346
710,2020-09-08 05:30:00,10374.02,10438.77,9931.66,9980.31,4159.495035
711,2020-09-08 17:30:00,9980.33,10210.0,9844.04,10123.64,6899.116775
712,2020-09-09 05:30:00,10123.84,10278.97,9976.28,10221.0,2627.522189
713,2020-09-09 17:30:00,10221.16,10347.1,10169.37,10221.79,3151.783397
714,2020-09-10 05:30:00,10221.65,10421.41,10214.8,10297.99,3603.311656
715,2020-09-10 17:30:00,10298.0,10487.79,10253.1,10340.34,4470.290236
716,2020-09-11 05:30:00,10340.17,10382.67,10199.53,10253.17,3196.936255
717,2020-09-11 17:30:00,10254.03,10402.04,10251.76,10392.25,2813.690395
718,2020-09-12 05:30:00,10392.11,10399.99,10307.21,10340.33,1483.986636
719,2020-09-12 17:30:00,10340.34,10477.67,10271.02,10440.74,2287.532281
720,2020-09-13 05:30:00,10440.93,10581.05,10306.12,10324.3,2247.558411
721,2020-09-13 17:30:00,10323.95,10349.62,10211.34,10332.3,2523.688863
722,2020-09-14 05:30:00,10332.4,10477.57,10244.14,10469.12,3543.750615
723,2020-09-14 17:30:00,10469.13,10747.46,10449.37,10676.2,5466.085153
724,2020-09-15 05:30:00,10676.2,10881.65,10611.97,10821.41,3431.659111
725,2020-09-15 17:30:00,10821.84,10930.0,10695.58,10783.09,4240.460738
726,2020-09-16 05:30:00,10783.09,10950.69,10660.54,10900.66,3448.434141
727,2020-09-16 17:30:00,10900.67,11095.24,10864.82,10953.89,4256.702177
728,2020-09-17 05:30:00,10953.47,11045.44,10783.28,10879.2,3182.190229
729,2020-09-17 17:30:00,10879.1,10971.74,10746.53,10941.82,2883.382522
730,2020-09-18 05:30:00,10941.83,11040.46,10876.37,10977.8,1772.35402
731,2020-09-18 17:30:00,10977.92,11001.88,10810.47,10934.8,3426.352695
732,2020-09-19 05:30:00,10934.79,11157.25,10888.09,11141.99,1679.549394
733,2020-09-19 17:30:00,11140.71,11181.07,11014.59,11080.75,1721.647931
734,2020-09-20 05:30:00,11080.85,11080.85,10899.55,10947.1,1573.001481
735,2020-09-20 17:30:00,10947.04,10952.0,10755.87,10916.66,2806.68495
736,2020-09-21 05:30:00,10916.68,10987.75,10574.65,10631.26,3272.179144
737,2020-09-21 17:30:00,10631.29,10631.29,10290.96,10414.57,5098.14872
738,2020-09-22 05:30:00,10414.83,10500.0,10356.09,10449.31,2674.628201
739,2020-09-22 17:30:00,10449.32,10572.88,10417.99,10528.77,2900.69133
740,2020-09-23 05:30:00,10528.78,10533.46,10381.45,10473.22,2009.595427
741,2020-09-23 17:30:00,10473.65,10536.97,10133.56,10237.57,4131.914182
742,2020-09-24 05:30:00,10237.63,10442.47,10191.16,10408.69,2927.024937
743,2020-09-24 17:30:00,10408.59,10796.63,10329.97,10738.81,5473.987241
744,2020-09-25 05:30:00,10738.8,10765.0,10558.62,10630.45,3634.194064
745,2020-09-25 17:30:00,10630.45,10757.39,10555.59,10691.01,3370.772197
746,2020-09-26 05:30:00,10691.01,10824.16,10651.0,10708.68,1770.428204
747,2020-09-26 17:30:00,10709.73,10776.08,10667.8,10729.62,1353.322835
748,2020-09-27 05:30:00,10729.73,10799.99,10611.82,10624.07,1619.500104
749,2020-09-27 17:30:00,10623.91,10782.44,10593.72,10774.39,1684.670051
750,2020-09-28 05:30:00,10773.91,10954.81,10773.91,10876.74,2491.93532
751,2020-09-28 17:30:00,10876.74,10942.04,10630.47,10692.83,3320.073608
752,2020-09-29 05:30:00,10692.61,10792.78,10655.57,10755.99,2312.523036
753,2020-09-29 17:30:00,10756.1,10863.62,10635.72,10839.1,2923.169848
754,2020-09-30 05:30:00,10839.08,10847.62,10661.54,10675.38,2505.47833
755,2020-09-30 17:30:00,10675.38,10797.87,10663.99,10775.29,2988.86592
756,2020-10-01 05:30:00,10775.59,10927.66,10775.59,10905.2,2375.438516
757,2020-10-01 17:30:00,10904.96,10910.0,10440.0,10616.08,5031.035566
758,2020-10-02 05:30:00,10615.97,10661.12,10374.55,10437.17,4362.736434
759,2020-10-02 17:30:00,10436.85,10597.87,10431.61,10571.16,2774.495673
760,2020-10-03 05:30:00,10571.17,10577.05,10494.83,10538.39,1075.821086
761,2020-10-03 17:30:00,10538.24,10604.98,10520.19,10544.79,1246.949623
762,2020-10-04 05:30:00,10544.67,10641.26,10520.59,10601.39,1558.263939
763,2020-10-04 17:30:00,10601.44,10694.91,10576.47,10669.49,1287.692445
764,2020-10-05 05:30:00,10669.08,10744.0,10620.39,10667.33,1399.850147
765,2020-10-05 17:30:00,10667.95,10800.0,10661.14,10793.1,1848.364632
766,2020-10-06 05:30:00,10793.1,10801.47,10654.66,10696.61,2010.863163
767,2020-10-06 17:30:00,10696.6,10754.76,10522.08,10596.59,4201.210908
768,2020-10-07 05:30:00,10596.6,10629.89,10546.94,10601.26,1770.477063
769,2020-10-07 17:30:00,10600.99,10680.19,10595.4,10667.35,1662.777644
770,2020-10-08 05:30:00,10666.76,10671.15,10532.9,10605.17,1480.50243
771,2020-10-08 17:30:00,10605.17,10955.14,10593.91,10928.65,4143.202015
772,2020-10-09 05:30:00,10928.16,11103.28,10826.65,11051.63,2289.294583
773,2020-10-09 17:30:00,11052.11,11108.55,11019.99,11056.07,2385.407545
774,2020-10-10 05:30:00,11056.07,11495.0,11054.9,11322.14,3694.93194
775,2020-10-10 17:30:00,11322.14,11417.84,11267.7,11299.03,1728.695028
776,2020-10-11 05:30:00,11299.02,11409.13,11277.58,11371.85,1954.33791
777,2020-10-11 17:30:00,11371.85,11444.88,11276.76,11371.42,2258.992091
778,2020-10-12 05:30:00,11371.42,11414.0,11176.08,11246.01,2497.062079
779,2020-10-12 17:30:00,11246.01,11725.91,11241.01,11534.33,4930.319581
780,2020-10-13 05:30:00,11534.33,11561.47,11381.84,11490.24,3135.112326
781,2020-10-13 17:30:00,11490.24,11512.24,11311.92,11423.7,3512.474186
782,2020-10-14 05:30:00,11423.78,11489.51,11361.92,11367.54,1680.771934
783,2020-10-14 17:30:00,11367.49,11551.11,11288.88,11423.82,3160.808009
784,2020-10-15 05:30:00,11423.82,11432.13,11253.41,11318.08,2076.038597
785,2020-10-15 17:30:00,11318.26,11625.3,11280.13,11508.92,3994.880916
786,2020-10-16 05:30:00,11509.15,11546.66,11198.09,11372.96,4341.52274
787,2020-10-16 17:30:00,11373.97,11400.0,11280.0,11324.19,2138.166772
788,2020-10-17 05:30:00,11324.23,11384.0,11276.07,11348.08,850.06663
789,2020-10-17 17:30:00,11348.08,11409.98,11263.88,11364.2,1542.268573
790,2020-10-18 05:30:00,11364.2,11484.02,11350.0,11426.51,1299.370186
791,2020-10-18 17:30:00,11426.51,11513.98,11415.91,11507.76,1176.669901
792,2020-10-19 05:30:00,11508.12,11541.92,11413.72,11480.53,1633.190407
793,2020-10-19 17:30:00,11480.59,11840.0,11477.03,11756.61,4186.058481
794,2020-10-20 05:30:00,11756.69,11939.92,11682.19,11784.37,3036.949706
795,2020-10-20 17:30:00,11784.37,12049.0,11771.45,11919.63,4526.589013
796,2020-10-21 05:30:00,11919.65,12387.41,11898.3,12343.74,4253.827023
797,2020-10-21 17:30:00,12343.74,13246.54,12286.0,12810.5,9112.769088
798,2020-10-22 05:30:00,12809.5,13035.54,12700.0,12978.76,4867.528215
799,2020-10-22 17:30:00,12978.77,13204.08,12816.01,12984.4,4742.490321
800,2020-10-23 05:30:00,12986.36,13033.32,12850.0,12976.51,3161.295473
801,2020-10-23 17:30:00,12976.04,13019.99,12732.33,12935.42,3187.243372
802,2020-10-24 05:30:00,12935.31,13021.2,12882.04,13002.96,1075.513824
803,2020-10-24 17:30:00,13002.96,13177.64,12956.0,13124.86,2359.432651
804,2020-10-25 05:30:00,13124.85,13366.78,12888.05,12962.21,3077.171634
805,2020-10-25 17:30:00,12962.02,13063.82,12920.56,13041.86,1288.40839
806,2020-10-26 05:30:00,13041.98,13187.52,12930.02,13151.97,2317.036734
807,2020-10-26 17:30:00,13151.96,13250.0,12775.48,13067.01,4057.856738
808,2020-10-27 05:30:00,13067.0,13507.2,13055.4,13456.15,2928.883542
809,2020-10-27 17:30:00,13456.15,13798.7,13334.15,13644.77,5307.055563
810,2020-10-28 05:30:00,13644.77,13865.04,13310.5,13320.78,4043.388249
811,2020-10-28 17:30:00,13321.1,13375.86,12891.18,13270.0,5824.394766
812,2020-10-29 05:30:00,13270.71,13323.96,13043.48,13054.34,3372.727803
813,2020-10-29 17:30:00,13054.57,13650.0,12974.0,13464.57,5439.189597
814,2020-10-30 05:30:00,13464.57,13676.03,13118.0,13355.51,5043.98577
815,2020-10-30 17:30:00,13355.84,13678.07,13238.19,13569.51,3681.751088
816,2020-10-31 05:30:00,13569.55,14100.0,13421.75,13947.04,5111.370354
817,2020-10-31 17:30:00,13946.38,13946.38,13694.5,13803.15,2465.900614
818,2020-11-01 05:30:00,13802.94,13905.69,13627.71,13710.44,1902.345584
819,2020-11-01 17:30:00,13708.09,13871.78,13648.06,13768.97,1984.077957
820,2020-11-02 05:30:00,13769.1,13839.07,13367.6,13415.24,3772.65887
821,2020-11-02 17:30:00,13415.47,13707.64,13208.9,13563.0,4526.392893
822,2020-11-03 05:30:00,13563.0,13648.14,13293.77,13538.23,4277.094721
823,2020-11-03 17:30:00,13538.14,14073.57,13476.96,14030.64,4808.159257
824,2020-11-04 05:30:00,14030.71,14049.57,13535.39,13726.0,6734.748428
825,2020-11-04 17:30:00,13726.29,14279.03,13707.43,14159.15,6944.077152
826,2020-11-05 05:30:00,14159.16,14747.58,14110.03,14726.85,5665.442666
827,2020-11-05 17:30:00,14726.86,15778.99,14622.13,15612.81,10260.796326
828,2020-11-06 05:30:00,15613.9,15982.85,15310.18,15591.67,9922.507508
829,2020-11-06 17:30:00,15591.81,15725.04,15190.0,15599.89,7158.659339
830,2020-11-07 05:30:00,15599.88,15774.99,15415.24,15535.08,3755.053656
831,2020-11-07 17:30:00,15534.97,15569.5,14344.88,14835.97,9981.267592
832,2020-11-08 05:30:00,14834.35,15207.01,14720.16,15186.65,3773.524541
833,2020-11-08 17:30:00,15186.66,15670.0,15126.48,15488.13,4863.872579
834,2020-11-09 05:30:00,15487.73,15854.28,15155.0,15812.81,4888.152239
835,2020-11-09 17:30:00,15813.0,15818.34,14817.58,15341.03,10513.67024
836,2020-11-10 05:30:00,15342.15,15472.0,15176.96,15292.95,4790.784777
837,2020-11-10 17:30:00,15292.73,15408.16,15090.0,15313.17,5015.451191
838,2020-11-11 05:30:00,15313.16,15694.12,15289.99,15589.44,4068.542917
839,2020-11-11 17:30:00,15588.54,16000.0,15540.71,15700.26,7426.816755
840,2020-11-12 05:30:00,15700.44,16176.73,15462.59,15780.0,7193.921987
841,2020-11-12 17:30:00,15780.0,16357.5,15766.0,16310.75,7894.503242
842,2020-11-13 05:30:00,16310.65,16492.64,16083.85,16237.28,5781.479746
843,2020-11-13 17:30:00,16237.27,16371.31,15965.0,16338.89,4647.419783
844,2020-11-14 05:30:00,16338.89,16342.5,15753.58,15939.02,4583.54971
845,2020-11-14 17:30:00,15938.82,16155.0,15716.66,16081.42,3765.840558
846,2020-11-15 05:30:00,16081.7,16173.09,15884.17,15968.53,2986.162167
847,2020-11-15 17:30:00,15968.53,16121.2,15787.98,15968.15,3214.072148
848,2020-11-16 05:30:00,15968.51,16397.74,15880.0,16242.12,4170.364162
849,2020-11-16 17:30:00,16242.12,16890.0,16242.12,16720.0,5955.817945
850,2020-11-17 05:30:00,16719.99,17019.97,16564.1,17001.75,4834.151322
851,2020-11-17 17:30:00,17001.75,17877.42,16932.86,17678.08,11115.941153
852,2020-11-18 05:30:00,17677.82,18495.86,17239.62,18261.88,13255.732773
853,2020-11-18 17:30:00,18261.09,18265.23,17285.0,17791.08,8192.025359
854,2020-11-19 05:30:00,17791.08,18072.62,17352.05,17773.81,5904.537128
855,2020-11-19 17:30:00,17773.82,18192.69,17662.26,17821.41,5800.290146
856,2020-11-20 05:30:00,17821.41,18415.9,17759.09,18281.03,5583.037627
857,2020-11-20 17:30:00,18281.04,18848.33,18164.0,18670.93,7239.559352
858,2020-11-21 05:30:00,18670.84,18983.17,18458.2,18549.89,4953.208701
859,2020-11-21 17:30:00,18549.03,18931.36,18340.0,18717.9,6497.916447
860,2020-11-22 05:30:00,18719.01,18768.5,17628.44,17892.78,7798.756243
861,2020-11-22 17:30:00,17892.78,18697.02,17822.3,18435.63,5760.164622
862,2020-11-23 05:30:00,18435.63,18775.0,18010.2,18584.22,6385.37386
863,2020-11-23 17:30:00,18584.07,18714.28,18150.01,18385.0,6016.268576
864,2020-11-24 05:30:00,18384.71,19120.0,18017.72,19070.84,8546.503422
865,2020-11-24 17:30:00,19070.84,19436.33,18854.74,19175.26,8551.0285
866,2020-11-25 05:30:00,19175.25,19360.59,18637.21,19295.77,5655.590839
867,2020-11-25 17:30:00,19295.78,19499.0,18451.73,18724.73,7702.328449
868,2020-11-26 05:30:00,18724.38,18914.41,16321.94,17104.24,17087.389792
869,2020-11-26 17:30:00,17103.95,17400.0,16194.47,17157.34,13099.170288
870,2020-11-27 05:30:00,17157.79,17464.5,16612.41,16786.69,8302.486796
871,2020-11-27 17:30:00,16786.68,17158.37,16444.68,17146.41,6272.717243
872,2020-11-28 05:30:00,17146.83,17258.52,16872.79,17166.58,3819.995951
873,2020-11-28 17:30:00,17166.12,17897.48,17076.36,17735.55,5628.881013
874,2020-11-29 05:30:00,17735.0,18249.44,17534.19,18102.98,3693.899824
875,2020-11-29 17:30:00,18102.97,18360.0,17927.0,18195.48,3700.104583
876,2020-11-30 05:30:00,18195.49,18694.68,18195.49,18609.68,4593.813558
877,2020-11-30 17:30:00,18609.68,19881.56,18609.68,19700.79,11917.570919
878,2020-12-01 05:30:00,19700.79,19892.85,18915.0,19434.82,7587.388602
879,2020-12-01 17:30:00,19434.81,19499.17,18080.0,18776.69,12886.308744
880,2020-12-02 05:30:00,18776.5,19350.0,18334.0,19127.76,6865.569168
881,2020-12-02 17:30:00,19127.77,19273.99,18732.81,19212.25,5600.479442
882,2020-12-03 05:30:00,19213.88,19463.97,18888.58,19401.98,5561.054813
883,2020-12-03 17:30:00,19401.99,19615.93,19203.82,19440.0,5060.869821
884,2020-12-04 05:30:00,19438.96,19540.0,18770.66,18841.74,5018.708675
885,2020-12-04 17:30:00,18841.74,19158.86,18560.73,18656.86,5782.646682
886,2020-12-05 05:30:00,18656.86,19196.1,18503.95,19025.41,4023.90741
887,2020-12-05 17:30:00,19025.66,19181.0,18960.15,19158.17,2361.336641
888,2020-12-06 05:30:00,19158.18,19351.56,18955.17,19098.77,3011.095727
889,2020-12-06 17:30:00,19097.77,19432.24,18868.43,19370.88,3141.946055
890,2020-12-07 05:30:00,19370.12,19433.11,19089.08,19108.61,3074.977797
891,2020-12-07 17:30:00,19108.61,19260.0,18908.69,19174.1,3462.692543
892,2020-12-08 05:30:00,19174.1,19300.0,18679.67,18767.84,4505.519478
893,2020-12-08 17:30:00,18766.66,18975.94,18188.58,18317.05,6098.866945
894,2020-12-09 05:30:00,18316.21,18372.13,17633.52,18242.2,9191.949306
895,2020-12-09 17:30:00,18242.21,18645.5,18160.0,18547.52,6414.212587
896,2020-12-10 05:30:00,18547.52,18558.92,18112.34,18188.94,4736.695294
897,2020-12-10 17:30:00,18188.95,18430.0,17899.55,18253.12,5654.981872
898,2020-12-11 05:30:00,18253.12,18293.1,17564.08,17636.34,8068.020507
899,2020-12-11 17:30:00,17636.34,18176.63,17607.24,18032.84,5130.017948
900,2020-12-12 05:30:00,18032.84,18514.0,18021.65,18507.16,3324.160455
901,2020-12-12 17:30:00,18507.15,18950.0,18318.8,18814.25,3735.701812
902,2020-12-13 05:30:00,18815.29,19372.08,18721.83,19318.56,4854.529274
903,2020-12-13 17:30:00,19319.15,19417.61,18978.46,19167.62,4494.908837
904,2020-12-14 05:30:00,19168.63,19339.94,18996.75,19101.61,4330.77131
905,2020-12-14 17:30:00,19101.61,19350.0,19035.0,19269.93,4158.090938
906,2020-12-15 05:30:00,19270.02,19564.0,19040.94,19296.0,6107.990551
907,2020-12-15 17:30:00,19295.99,19547.48,19258.59,19430.07,4134.822022
908,2020-12-16 05:30:00,19430.07,19869.0,19285.71,19745.02,5055.540125
909,2020-12-16 17:30:00,19744.69,21576.14,19695.97,21353.92,14211.044047
910,2020-12-17 05:30:00,21352.92,23806.78,21249.03,22760.35,17375.904398
911,2020-12-17 17:30:00,22759.85,23700.0,22322.61,22821.54,15076.350708
912,2020-12-18 05:30:00,22817.49,23283.5,22480.92,22886.18,6941.153508
913,2020-12-18 17:30:00,22887.2,23158.82,22355.66,23126.14,6312.647534
914,2020-12-19 05:30:00,23126.14,23235.0,22763.15,22909.82,4163.666322
915,2020-12-19 17:30:00,22909.83,24175.17,22909.83,23851.58,9895.745166
916,2020-12-20 05:30:00,23851.15,23860.45,23099.32,23566.14,5597.589311
917,2020-12-20 17:30:00,23566.13,24298.91,23107.84,23481.66,7024.040986
918,2020-12-21 05:30:00,23477.66,24122.9,22338.17,22643.45,9889.589859
919,2020-12-21 17:30:00,22643.45,23240.08,21874.96,22728.0,5075.156303
920,2020-12-22 05:30:00,22728.01,23149.76,22364.81,23111.98,6911.046323
921,2020-12-22 17:30:00,23111.99,23836.73,23061.5,23809.99,6955.095409
922,2020-12-23 05:30:00,23812.36,24050.0,22796.0,23057.27,7210.643328
923,2020-12-23 17:30:00,23057.27,24089.0,22611.0,23220.09,8633.74485
924,2020-12-24 05:30:00,23220.25,23470.0,22704.01,23208.06,5888.394201
925,2020-12-24 17:30:00,23208.06,23790.5,23012.88,23718.94,4743.719494
926,2020-12-25 05:30:00,23721.65,24680.0,23420.71,24564.58,4749.080871
927,2020-12-25 17:30:00,24564.36,24790.01,23800.0,24699.77,6946.796558
928,2020-12-26 05:30:00,24700.73,25024.31,24485.29,24827.52,4640.864411
929,2020-12-26 17:30:00,24827.52,26841.18,24731.89,26473.31,8666.15016
930,2020-12-27 05:30:00,26473.63,28395.62,26434.14,27625.45,9307.823701
931,2020-12-27 17:30:00,27622.11,27748.78,25747.82,26254.23,10802.464904
932,2020-12-28 05:30:00,26254.23,27328.64,26072.21,26821.65,5598.588293
933,2020-12-28 17:30:00,26820.24,27467.78,26388.03,27040.75,6510.32329
934,2020-12-29 05:30:00,27037.08,27071.62,25826.17,26840.06,6666.092118
935,2020-12-29 17:30:00,26842.38,27383.35,26204.96,27356.29,6495.19596
936,2020-12-30 05:30:00,27356.38,28575.76,27313.91,27817.58,9870.919511
937,2020-12-30 17:30:00,27817.58,29000.0,27558.95,28890.0,7931.917588
938,2020-12-31 05:30:00,28888.56,29315.42,28092.86,28911.76,8011.386773
939,2020-12-31 17:30:00,28911.78,29213.36,27910.0,28969.01,9080.59491
940,2021-01-01 05:30:00,28961.73,29526.0,28731.25,29377.61,5581.170338
